"Timestamp","Age","Gender","Residence.Area","Education.Level","Socioeconomic.status..Parent.s.education.level.","Study.time..In.Hours.","Attendance.rate..In.Percentile.","Social.Media.Platform","Time.spent.in.social.media..hours.","Most.time.spent.in.a.day","Physical.activity..30.min..","Withdrawal.symptoms..Side.effects.of.not.using.social.media.","Sleep.Disturbance.on.Sleep.Quality","Mood.Modification.Scale","Anxiety.Scale","Depression.Scale","Self.esteem.Scale","Last.Academic.Result..GPA.CGPA.","Social.Media.Distraction.During.Academic.Activities"
"26/04/2025 01:14:36",28,"Male","Urban","Tertiary Education","Tertiary Education",2,80,"YouTube",4,"Night","Yes","Feeling restless",4,3,4,5,4,"3.55",5
"26/04/2025 01:24:20",21,"Male","Rural","Tertiary Education","No education",3,60,"Instagram",5,"Afternoon","Yes","No symtoms",5,2,2,1,5,"3.1",3
"27/04/2025 21:38:37",17,"Female","Rural","HSC / A' Level","SSC / O' Level",6,70,"YouTube",2,"Night","Yes","Cravings",1,2,2,1,1,"A- ",1
"27/04/2025 21:42:51",22,"Male","Urban","Tertiary Education","HSC / A' Level",1,80,"Facebook",6,"Night","Yes","Feeling restless",3,2,3,3,3,"gpa 5/5",1
"27/04/2025 21:46:22",26,"Male","Urban","Tertiary Education","Tertiary Education",2,85,"Facebook",5,"Night","No","Cravings",4,3,4,3,4,"2.78",4
"27/04/2025 21:46:32",21,"Male","Urban","Tertiary Education","Tertiary Education",2,95,"YouTube",6,"Night","Yes","Cravings",1,4,2,3,4,"4",2
"27/04/2025 21:57:07",23,"Male","Urban","Tertiary Education","SSC / O' Level",4,95,"Facebook",8,"Night","Yes","Feeling restless",4,4,3,4,3,"3.91",4
"27/04/2025 22:00:49",20,"Female","Urban","Tertiary Education","HSC / A' Level",3,98,"Instagram",6,"Night","No","Feeling restless",3,3,3,3,3,"3.65",2
"27/04/2025 22:07:29",22,"Male","Urban","Tertiary Education","HSC / A' Level",4,97,"Facebook",2.5,"Night","No","No symtoms",4,4,4,4,4,"3",3
"27/04/2025 22:18:50",23,"Male","Rural","Tertiary Education","SSC / O' Level",3,100,"Facebook",3,"Evening","No","No symtoms",3,3,5,5,1,"3.51",1
"27/04/2025 22:29:42",22,"Male","Urban","Tertiary Education","Tertiary Education",1,60,"Instagram",1.5,"Night","Yes","No symtoms",5,4,3,4,3,"3",2
"27/04/2025 22:32:33",22,"Female","Urban","Tertiary Education","Tertiary Education",3,90,"YouTube",10,"Morning","No","Cravings",5,4,4,4,3,"4/4",5
"27/04/2025 22:36:03",19,"Male","Rural","HSC / A' Level","SSC / O' Level",5,90,"Instagram",6.5,"Night","Yes","No symtoms",1,1,1,1,1,"Gpa: 4.50",1
"27/04/2025 22:42:37",25,"Male","Urban","Tertiary Education","Tertiary Education",7,80,"YouTube",3,"Night","No","No symtoms",2,3,2,1,2,"1.89/1.83",4
"27/04/2025 22:47:44",22,"Female","Urban","Tertiary Education","Tertiary Education",0.5,25,"Instagram",2,"Night","No","No symtoms",2,4,3,2,3,"3.96",3
"27/04/2025 22:49:50",19,"Female","Rural","HSC / A' Level","SSC / O' Level",4,5,"Instagram",3,"Night","Yes","No symtoms",1,4,3,4,5,"GPA-3.89 ",2
"27/04/2025 23:06:42",20,"Female","Urban","Tertiary Education","SSC / O' Level",4,90,"Facebook",6.5,"Evening","Yes","No symtoms",3,2,2,3,2,"CGPA 4.00",1
"27/04/2025 23:48:56",24,"Male","Urban","Tertiary Education","Tertiary Education",1,10,"Instagram",4,"Night","No","Trouble concentrating",2,3,2,2,2,"2.5",2
"28/04/2025 00:11:33",24,"Male","Urban","Tertiary Education","Tertiary Education",0,60,"Facebook",2.5,"Night","No","Irritability or agitation",2,3,2,2,2,"3.5",4
"28/04/2025 00:34:55",23,"Male","Rural","HSC / A' Level","No education",2,90,"YouTube",2,"Night","No","No symtoms",3,3,4,3,4,"CGPA-4",1
"28/04/2025 01:17:19",27,"Male","Urban","Tertiary Education","SSC / O' Level",4,99,"Facebook",2,"Night","No","No symtoms",1,1,1,2,2,"3.5",4
"28/04/2025 14:15:02",25,"Male","Urban","Tertiary Education","Tertiary Education",3,90,"Facebook",2,"Evening","Yes","No symtoms",1,2,1,1,1,"3.87",2
"28/04/2025 14:16:33",23,"Female","Rural","Tertiary Education","Tertiary Education",2,100,"Instagram",4,"Morning","No","Trouble concentrating",4,2,5,5,5,"3.27",3
"28/04/2025 14:18:26",23,"Male","Urban","Tertiary Education","Tertiary Education",3,80,"Facebook",6,"Night","Yes","Trouble concentrating",3,3,5,4,5,"4.56",5
"28/04/2025 14:18:34",23,"Male","Urban","Tertiary Education","Tertiary Education",0,90,"Facebook",5,"Night","No","Cravings",3,4,3,3,3,"4/4",1
"28/04/2025 14:18:54",22,"Female","Rural","Tertiary Education","SSC / O' Level",2,95,"Facebook",4.5,"Evening","No","Cravings",1,3,1,5,3,"3.75",3
"28/04/2025 14:19:41",21,"Female","Urban","Tertiary Education","Tertiary Education",3,80,"Instagram",5,"Night","Yes","No symtoms",3,3,1,2,3,"3.25",4
"28/04/2025 14:19:53",22,"Female","Urban","Tertiary Education","HSC / A' Level",5,96,"YouTube",2,"Evening","Yes","No symtoms",3,4,4,5,3,"4",3
"28/04/2025 14:19:58",20,"Female","Urban","Tertiary Education","Tertiary Education",2,70,"Facebook",5,"Night","Yes","Cravings",2,3,4,2,2,"3",1
"28/04/2025 14:20:03",23,"Male","Urban","Tertiary Education","HSC / A' Level",6,90,"YouTube",4,"Night","Yes","Feeling restless",4,4,3,3,2,"GPA -3.96",2
"28/04/2025 14:20:28",23,"Male","Urban","Tertiary Education","SSC / O' Level",0,100,"YouTube",4.5,"Night","No","No symtoms",1,1,1,1,5,"3.86",1
"28/04/2025 14:20:35",22,"Female","Urban","Tertiary Education","Tertiary Education",4,80,"Facebook",8,"Night","No","Irritability or agitation",4,3,3,2,3,"3.64",3
"28/04/2025 14:20:58",22,"Male","Urban","Tertiary Education","HSC / A' Level",0,80,"Other",2,"Night","No","Feeling restless",3,3,1,1,3,"3.8",5
"28/04/2025 14:21:24",23,"Female","Urban","Tertiary Education","Tertiary Education",6,88.8888888888889,"Facebook",3.5,"Evening","Yes","No symtoms",3,3,3,3,3,"3.65",3
"28/04/2025 14:21:29",20,"Female","Urban","Tertiary Education","Tertiary Education",3,75,"Instagram",2,"Night","Yes","Trouble concentrating",2,1,4,5,4,"3.7",2
"28/04/2025 14:21:33",21,"Female","Urban","Tertiary Education","Tertiary Education",0.1,25,"YouTube",2,"Night","No","Irritability or agitation",5,5,5,5,1,"3.16",4
"28/04/2025 14:21:55",23,"Female","Urban","Tertiary Education","SSC / O' Level",5,80,"Facebook",2,"Evening","No","No symtoms",3,4,2,5,4,"3.96",4
"28/04/2025 14:22:28",22,"Male","Urban","Tertiary Education","HSC / A' Level",2,100,"YouTube",5.5,"Night","No","Cravings",1,3,3,1,3,"CGPA 3.83",3
"28/04/2025 14:22:45",21,"Female","Urban","HSC / A' Level","HSC / A' Level",5,80,"YouTube",4,"Night","No","No symtoms",2,5,2,1,4,"4.8",1
"28/04/2025 14:22:49",22,"Male","Urban","Tertiary Education","HSC / A' Level",4,99,"Facebook",5,"Night","Yes","Feeling restless",1,1,1,1,1,"3.8",1
"28/04/2025 14:22:53",24,"Male","Urban","Tertiary Education","SSC / O' Level",1,100,"Facebook",3,"Night","Yes","No symtoms",3,4,4,4,4,"CGPA 4.00 out of 4.00",4
"28/04/2025 14:23:17",21,"Male","Urban","HSC / A' Level","HSC / A' Level",2,80,"Facebook",2,"Night","No","Trouble concentrating",2,5,2,1,4,"3.5",4
"28/04/2025 14:23:20",22,"Female","Urban","Tertiary Education","SSC / O' Level",4,99,"Instagram",2,"Night","No","No symtoms",1,1,5,3,5,"3.9",5
"28/04/2025 14:23:25",23,"Male","Urban","Tertiary Education","SSC / O' Level",1,85,"YouTube",12,"Night","Yes","Irritability or agitation",1,4,5,1,1,"3.96",1
"28/04/2025 14:24:53",22,"Female","Urban","Tertiary Education","Tertiary Education",2,100,"YouTube",3.5,"Night","No","No symtoms",3,3,1,1,1,"GPA 3.80 Out of 4.00",5
"28/04/2025 14:25:52",21,"Female","Urban","Tertiary Education","SSC / O' Level",0,92.5,"Facebook",5,"Night","Yes","Trouble concentrating",4,3,4,5,5,"Cgpa-3.94",2
"28/04/2025 14:27:11",21,"Male","Urban","Tertiary Education","Tertiary Education",2,90,"Facebook",4.5,"Night","Yes","No symtoms",4,3,4,5,3,"4 out of 4",1
"28/04/2025 14:29:33",21,"Male","Urban","Tertiary Education","SSC / O' Level",6,70,"Facebook",6,"Night","No","Feeling restless",2,1,1,3,1,"3.3",1
"28/04/2025 14:29:50",23,"Female","Urban","Tertiary Education","SSC / O' Level",1,90,"Instagram",3,"Evening","Yes","No symtoms",3,3,4,5,4,"3.85",3
"28/04/2025 14:30:16",22,"Female","Urban","HSC / A' Level","HSC / A' Level",5,95,"YouTube",5,"Night","No","No symtoms",3,3,1,2,4,"3.56",2
"28/04/2025 14:30:19",22,"Male","Urban","HSC / A' Level","Tertiary Education",6,95,"YouTube",5,"Night","No","No symtoms",5,5,5,5,5,"3.88",5
"28/04/2025 14:31:51",22,"Female","Urban","Tertiary Education","Tertiary Education",1,20,"Other",10,"Night","No","Feeling restless",5,5,5,5,5,"3.25",5
"28/04/2025 14:34:50",24,"Female","Urban","Tertiary Education","Tertiary Education",1,7,"Facebook",4,"Night","Yes","No symtoms",2,2,2,3,3,"3.5",3
"28/04/2025 14:58:00",23,"Male","Urban","Tertiary Education","Tertiary Education",3,98,"YouTube",4.5,"Night","Yes","Feeling restless",2,5,3,3,4,"3.96",1
"28/04/2025 15:03:40",23,"Female","Urban","Tertiary Education","SSC / O' Level",0,100,"YouTube",4,"Night","No","Irritability or agitation",1,3,1,1,1,"3",3
"28/04/2025 15:05:16",22,"Male","Urban","Tertiary Education","Tertiary Education",2,90,"Other",6,"Night","No","Irritability or agitation",5,4,3,3,3,"3.8",5
"28/04/2025 15:33:01",22,"Male","Urban","Tertiary Education","SSC / O' Level",0,90,"Instagram",4,"Night","Yes","Feeling restless",1,3,3,4,4,"3.2",4
"28/04/2025 16:44:24",23,"Female","Rural","Tertiary Education","Tertiary Education",1,95,"Instagram",4,"Night","No","Cravings",3,4,1,3,1,"3.82",1
"28/04/2025 16:51:08",22,"Female","Urban","Tertiary Education","SSC / O' Level",2,90,"YouTube",1,"Night","No","Cravings",3,2,3,3,2,"3.73",3
"28/04/2025 17:18:14",22,"Female","Urban","Tertiary Education","Tertiary Education",3,90,"Facebook",5,"Night","Yes","Feeling restless",4,3,3,3,3,"3.75",4
"28/04/2025 17:41:46",24,"Female","Urban","Tertiary Education","No education",0,100,"YouTube",5,"Evening","No","No symtoms",5,3,3,4,3,"3.86",4
"28/04/2025 18:19:35",20,"Female","Urban","Tertiary Education","HSC / A' Level",3,100,"YouTube",4,"Night","No","No symtoms",3,4,2,2,3,"3.75",3
"28/04/2025 18:30:39",22,"Female","Rural","Tertiary Education","No education",5,99,"YouTube",3,"Afternoon","Yes","No symtoms",1,3,2,4,2,"3.58",2
"28/04/2025 20:10:20",23,"Male","Rural","Tertiary Education","Tertiary Education",1,30,"Instagram",6,"Night","Yes","No symtoms",4,3,3,1,3,"3.15",1
"28/04/2025 20:10:27",21,"Female","Rural","Tertiary Education","HSC / A' Level",5,100,"Instagram",6.5,"Night","Yes","No symtoms",5,2,3,1,2,"4",5
"28/04/2025 20:10:44",21,"Male","Urban","Tertiary Education","Tertiary Education",10,100,"YouTube",1,"Night","No","Trouble concentrating",2,3,2,2,2,"3.87",2
"28/04/2025 20:10:51",21,"Female","Urban","Tertiary Education","Tertiary Education",1,98,"Instagram",2.5,"Evening","No","No symtoms",3,3,4,3,5,"3.86",1
"28/04/2025 20:11:40",19,"Male","Urban","Tertiary Education","HSC / A' Level",2,70,"YouTube",6.5,"Night","No","Trouble concentrating",3,3,4,3,3,"3.87",2
"28/04/2025 20:11:47",20,"Male","Urban","Tertiary Education","Tertiary Education",2,85,"Instagram",3,"Night","Yes","Trouble concentrating",3,3,2,3,3,"GPA-5",4
"28/04/2025 20:12:50",21,"Female","Urban","Tertiary Education","HSC / A' Level",2,80,"Instagram",4,"Night","No","No symtoms",5,5,3,4,4,"3.5",5
"28/04/2025 20:13:27",23,"Male","Urban","Tertiary Education","HSC / A' Level",0.333333333333333,90,"YouTube",4,"Night","No","Feeling restless",2,5,4,4,4,"3.5",3
"28/04/2025 20:13:29",22,"Female","Rural","Tertiary Education","Tertiary Education",5,100,"Instagram",2,"Evening","Yes","No symtoms",1,3,3,2,3,"GPA -5.00",1
"28/04/2025 20:13:35",24,"Male","Urban","Tertiary Education","SSC / O' Level",2,70,"Instagram",7,"Night","Yes","No symtoms",1,2,1,2,1,"3.56",2
"28/04/2025 20:13:54",24,"Female","Rural","Tertiary Education","Tertiary Education",1,75,"Instagram",4.5,"Evening","No","Feeling restless",3,3,3,3,5,"3.01",3
"28/04/2025 20:14:03",20,"Female","Urban","Tertiary Education","Madrasah",8,90,"Instagram",2.5,"Night","Yes","No symtoms",3,1,1,3,5,"4.8",1
"28/04/2025 20:14:03",25,"Male","Urban","Tertiary Education","No education",1,30,"YouTube",2,"Night","Yes","No symtoms",3,2,1,1,1,"3.34",3
"28/04/2025 20:14:06",23,"Male","Urban","Tertiary Education","Madrasah",4,98,"Facebook",9,"Afternoon","No","Feeling restless",5,4,5,2,4,"3.57",5
"28/04/2025 20:14:59",21,"Male","Urban","Tertiary Education","SSC / O' Level",5,100,"YouTube",1,"Night","No","Feeling restless",4,4,4,4,3,"4.83(HSC)",4
"28/04/2025 20:15:03",21,"Male","Rural","Tertiary Education","HSC / A' Level",4,100,"Facebook",5,"Evening","No","Cravings",3,4,5,5,3,"3.83",5
"28/04/2025 20:15:07",21,"Female","Urban","Tertiary Education","No education",1,86,"Facebook",5,"Night","No","No symtoms",1,3,2,3,2,"3.24",2
"28/04/2025 20:15:17",21,"Male","Urban","Tertiary Education","HSC / A' Level",4,95,"Facebook",2.5,"Night","No","Irritability or agitation",2,3,2,1,3,"3.6",1
"28/04/2025 20:15:41",21,"Male","Urban","Tertiary Education","Tertiary Education",8,100,"Instagram",3,"Night","No","Irritability or agitation",2,4,3,4,4,"CGPA 4.00",3
"28/04/2025 20:15:56",21,"Female","Urban","Tertiary Education","HSC / A' Level",3,100,"YouTube",5.5,"Night","No","No symtoms",4,3,1,5,5,"3.83",4
"28/04/2025 20:16:12",22,"Male","Urban","Tertiary Education","Tertiary Education",4,75,"YouTube",3,"Night","Yes","No symtoms",2,3,2,1,4,"4.56",2
"28/04/2025 20:16:36",23,"Male","Urban","Tertiary Education","HSC / A' Level",2,80,"Facebook",6,"Night","No","Trouble concentrating",1,2,1,2,2,"3.32",1
"28/04/2025 20:17:09",22,"Male","Urban","Tertiary Education","SSC / O' Level",1,50,"Instagram",8,"Night","Yes","Cravings",3,3,4,4,3,"3.28",2
"28/04/2025 20:18:19",22,"Female","Urban","HSC / A' Level","HSC / A' Level",3,91,"Instagram",2,"Afternoon","Yes","No symtoms",1,3,2,1,5,"3.83",1
"28/04/2025 20:18:31",20,"Female","Urban","Tertiary Education","HSC / A' Level",3,100,"YouTube",4,"Afternoon","Yes","No symtoms",3,3,3,3,3,"CGPA 4 in 1-1 finals",2
"28/04/2025 20:19:30",24,"Female","Urban","Tertiary Education","HSC / A' Level",1,60,"YouTube",4.5,"Night","Yes","No symtoms",3,4,1,5,3,"3.27",2
"28/04/2025 20:20:07",21,"Female","Rural","Tertiary Education","Tertiary Education",6,90,"Facebook",4,"Afternoon","No","Cravings",2,2,1,4,5,"5",2
"28/04/2025 20:20:12",22,"Male","Urban","Tertiary Education","SSC / O' Level",1,60,"Facebook",20,"Night","Yes","Feeling restless",5,5,5,5,5,"3.35 CGPA",5
"28/04/2025 20:21:37",210,"Male","Urban","Tertiary Education","HSC / A' Level",5,80,"Facebook",3,"Night","No","No symtoms",3,2,1,1,3,"4.58",4
"28/04/2025 20:22:00",20,"Female","Urban","Tertiary Education","HSC / A' Level",5,10,"Facebook",2,"Afternoon","No","No symtoms",1,1,1,1,5,"3.62",1
"28/04/2025 20:22:05",21,"Female","Urban","Tertiary Education","Tertiary Education",4,96,"Facebook",3,"Night","No","No symtoms",1,2,3,3,3,"4",1
"28/04/2025 20:22:09",20,"Male","Urban","Tertiary Education","Tertiary Education",2,55,"Other",3.5,"Evening","Yes","Feeling restless",3,2,2,1,1,"3.5",3
"28/04/2025 20:23:17",21,"Male","Urban","Tertiary Education","Madrasah",1,100,"YouTube",10,"Evening","No","Feeling restless",3,3,2,2,3,"3.58",1
"28/04/2025 20:23:30",21,"Male","Urban","HSC / A' Level","Tertiary Education",1,90,"Other",2,"Night","Yes","No symtoms",2,5,1,1,3,"3.67",1
"28/04/2025 20:23:53",21,"Male","Rural","HSC / A' Level","SSC / O' Level",3,95,"Facebook",4,"Evening","Yes","No symtoms",4,3,5,5,3,"HSC GPA:4.17",3
"28/04/2025 20:23:57",19,"Male","Rural","HSC / A' Level","SSC / O' Level",3,100,"Facebook",8,"Night","Yes","No symtoms",5,5,3,3,4,"4.58",5
"28/04/2025 20:24:00",21,"Male","Urban","Tertiary Education","SSC / O' Level",4,50,"YouTube",1,"Night","No","No symtoms",1,5,1,1,1,"3.74",1
"28/04/2025 20:24:52",21,"Male","Urban","Tertiary Education","HSC / A' Level",3,78,"Facebook",5,"Evening","Yes","Cravings",1,1,1,1,2,"4.33",1
"28/04/2025 20:25:31",21,"Male","Urban","Tertiary Education","SSC / O' Level",5,80,"Facebook",3,"Night","No","Feeling restless",4,4,2,4,3,"Cgpa-3.8",4
"28/04/2025 20:26:13",20,"Female","Urban","Tertiary Education","Tertiary Education",5,85,"YouTube",6.5,"Night","Yes","Trouble concentrating",3,3,3,4,3,"3.7",3
"28/04/2025 20:26:22",20,"Male","Urban","HSC / A' Level","HSC / A' Level",0,60,"Instagram",2.5,"Evening","No","No symtoms",5,3,3,1,3,"3.77 last semester ",5
"28/04/2025 20:28:26",20,"Female","Urban","Tertiary Education","Madrasah",0,95,"YouTube",2.5,"Night","No","Irritability or agitation",1,5,4,5,4,"CGPA 4",2
"28/04/2025 20:28:47",22,"Female","Urban","Tertiary Education","Tertiary Education",5,100,"YouTube",4,"Night","Yes","No symtoms",3,4,4,5,2,"3.3",3
"28/04/2025 20:31:02",22,"Male","Urban","Tertiary Education","Madrasah",1,90,"Instagram",4,"Night","Yes","Feeling restless",2,3,2,2,3,"3.3",2
"28/04/2025 20:32:21",20,"Female","Urban","Tertiary Education","SSC / O' Level",1,98,"Instagram",7.5,"Evening","No","Feeling restless",3,4,2,3,3,"3.91",4
"28/04/2025 20:33:16",22,"Female","Urban","Tertiary Education","Tertiary Education",3,90,"Facebook",7,"Night","Yes","Trouble concentrating",4,4,4,4,4,"3.67",4
"28/04/2025 20:37:16",22,"Male","Urban","Tertiary Education","Tertiary Education",3,75,"Facebook",8,"Night","No","Irritability or agitation",5,4,2,3,4,"3.90 out of 4.00",3
"28/04/2025 20:43:40",20,"Female","Urban","Tertiary Education","Tertiary Education",8,80,"YouTube",2,"Afternoon","Yes","No symtoms",3,5,5,5,5,"GPA 5",5
"28/04/2025 20:44:57",24,"Male","Rural","Tertiary Education","HSC / A' Level",3,95,"Facebook",7,"Night","Yes","No symtoms",1,2,1,2,2,"GPA 5:00",3
"28/04/2025 20:45:18",21,"Female","Urban","Tertiary Education","HSC / A' Level",6,80,"YouTube",2,"Evening","Yes","Feeling restless",1,4,4,4,3,"3.64 cgpa",5
"28/04/2025 20:47:58",21,"Male","Urban","Tertiary Education","SSC / O' Level",5,85,"Facebook",12,"Night","No","Trouble concentrating",3,4,4,5,3,"3.3",1
"28/04/2025 20:50:40",25,"Female","Urban","HSC / A' Level","HSC / A' Level",2,90,"Instagram",5,"Evening","Yes","Cravings",2,4,1,3,1,"3.25",1
"28/04/2025 20:58:11",23,"Male","Rural","HSC / A' Level","HSC / A' Level",1,95,"YouTube",2,"Evening","No","Trouble concentrating",2,2,4,4,3,"CGPA 2.50+",3
"28/04/2025 20:59:13",21,"Male","Urban","Tertiary Education","Madrasah",0,100,"YouTube",2,"Night","No","No symtoms",1,5,5,3,5,"4.00(CGPA)",5
"28/04/2025 21:03:52",20,"Male","Rural","HSC / A' Level","HSC / A' Level",1,90,"Facebook",3,"Afternoon","Yes","No symtoms",3,2,1,1,5,"HSC (4.00)",2
"28/04/2025 21:06:30",21,"Male","Urban","Tertiary Education","HSC / A' Level",2,100,"YouTube",8,"Night","No","No symtoms",1,4,3,1,3,"3.71",4
"28/04/2025 21:07:58",23,"Male","Urban","Tertiary Education","SSC / O' Level",1,90,"YouTube",4,"Night","Yes","Cravings",4,5,4,3,4,"3.56",5
"28/04/2025 21:09:23",20,"Female","Urban","Tertiary Education","HSC / A' Level",0,100,"Instagram",12,"Night","No","Irritability or agitation",3,3,2,1,2,"3.5",5
"28/04/2025 21:30:03",24,"Male","Rural","Tertiary Education","HSC / A' Level",4,95,"Facebook",4,"Evening","Yes","No symtoms",2,3,1,2,2,"3.72",4
"28/04/2025 21:33:57",20,"Female","Urban","Tertiary Education","Tertiary Education",3,99,"YouTube",0.5,"Evening","Yes","Feeling restless",5,3,4,3,5,"4.17",4
"28/04/2025 21:35:46",21,"Male","Urban","Tertiary Education","SSC / O' Level",3,90,"YouTube",2,"Evening","Yes","No symtoms",3,3,3,4,3,"3.75",4
"28/04/2025 21:39:14",19,"Male","Urban","Tertiary Education","Tertiary Education",6,98,"Facebook",2,"Evening","Yes","No symtoms",3,2,2,2,1,"3.5",3
"28/04/2025 21:42:09",20,"Male","Rural","Tertiary Education","Tertiary Education",10,100,"Facebook",1,"Night","Yes","Cravings",4,1,1,1,1,"Cgpa--3.43",1
"28/04/2025 21:43:28",23,"Male","Urban","Tertiary Education","Tertiary Education",2,70,"Facebook",5,"Night","Yes","Cravings",2,2,4,3,3,"Hsc 2021 4.58 science",3
"28/04/2025 21:48:51",21,"Male","Urban","Tertiary Education","SSC / O' Level",5,80,"Other",2,"Night","Yes","No symtoms",1,1,1,1,1,"3.86",1
"28/04/2025 22:01:38",19,"Female","Urban","Tertiary Education","Tertiary Education",9,100,"YouTube",2,"Afternoon","Yes","No symtoms",1,1,1,1,2,"Pending ",1
"28/04/2025 22:02:27",22,"Male","Urban","Tertiary Education","SSC / O' Level",1,70,"Facebook",3,"Night","No","Cravings",3,4,2,2,2,"3.92",2
"28/04/2025 22:34:24",20,"Male","Urban","HSC / A' Level","SSC / O' Level",0.666666666666667,100,"Instagram",5.5,"Night","Yes","Feeling restless",5,4,4,3,4,"HSC-4.50(2022)",4
"28/04/2025 22:44:53",27,"Male","Urban","Tertiary Education","SSC / O' Level",3,60,"YouTube",1.5,"Night","No","No symtoms",3,3,3,5,5,"3.71",4
"28/04/2025 23:05:38",22,"Female","Urban","HSC / A' Level","HSC / A' Level",4,80,"Facebook",3,"Night","Yes","Cravings",5,3,2,5,3,"3.97",4
"28/04/2025 23:09:32",20,"Female","Urban","Tertiary Education","Tertiary Education",4,70,"Instagram",2.5,"Evening","No","Cravings",3,3,3,4,3,"GPA:5 (HSC)",2
"29/04/2025 06:40:23",23,"Female","Urban","Tertiary Education","Tertiary Education",2,100,"Facebook",1,"Evening","Yes","No symtoms",1,3,2,3,4,"3rd year 2nd semester, 3.90 CGPA.",3
"28/04/2025 23:18:55",23,"Male","Urban","Tertiary Education","Tertiary Education",3,70,"YouTube",6,"Night","No","Cravings",4,4,3,4,2,"5",4
"28/04/2025 23:37:29",22,"Female","Urban","Tertiary Education","HSC / A' Level",3,90,"Instagram",4.5,"Night","No","Feeling restless",2,3,3,4,4,"3.69",5
"28/04/2025 23:47:03",20,"Male","Urban","Tertiary Education","HSC / A' Level",3,70,"Facebook",1,"Morning","Yes","No symtoms",1,2,2,2,2,"4.58",2
"28/04/2025 23:58:17",23,"Female","Urban","Tertiary Education","HSC / A' Level",1,100,"Facebook",3.5,"Night","No","No symtoms",1,1,1,2,1,"3.95",3
"29/04/2025 00:00:21",23,"Male","Urban","Tertiary Education","Tertiary Education",4,95,"Facebook",2,"Night","Yes","No symtoms",2,1,1,1,3,"4",3
"29/04/2025 00:31:23",23,"Male","Urban","Tertiary Education","Tertiary Education",2,80,"Instagram",3,"Night","Yes","No symtoms",4,3,2,2,2,"3.63",2
"29/04/2025 01:36:51",22,"Male","Rural","Tertiary Education","No education",4,85,"YouTube",2,"Afternoon","No","Feeling restless",4,2,4,2,3,"3.85",1
"29/04/2025 07:09:30",20,"Male","Urban","Tertiary Education","SSC / O' Level",3,90,"Instagram",7.5,"Afternoon","No","Feeling restless",3,4,3,5,3,"4.58 GPA",2
"29/04/2025 10:15:21",21,"Female","Urban","Tertiary Education","Tertiary Education",2,80,"Instagram",6,"Night","No","No symtoms",2,3,4,3,5,"HSC, GPA-5.00",3
"29/04/2025 10:42:45",21,"Male","Urban","HSC / A' Level","SSC / O' Level",2,80,"YouTube",3,"Evening","Yes","No symtoms",2,4,3,3,3,"GPA-3-56",1
"29/04/2025 12:01:31",21,"Male","Urban","Tertiary Education","Tertiary Education",1,95,"Facebook",3,"Night","Yes","Cravings",2,2,2,3,3,"5.00/5.00",4
"29/04/2025 12:15:47",20,"Female","Urban","Tertiary Education","No education",3,100,"Instagram",4,"Night","Yes","No symtoms",3,4,4,3,3,"3.5",3
"29/04/2025 12:52:23",24,"Female","Urban","Tertiary Education","HSC / A' Level",3,70,"Facebook",4.33333333333333,"Night","Yes","No symtoms",3,4,1,4,4,"3.82/4",2
"29/04/2025 14:47:12",20,"Male","Urban","Tertiary Education","Tertiary Education",1,80,"Instagram",2,"Afternoon","Yes","No symtoms",1,4,3,2,5,"Gpa 5.00",3
"29/04/2025 18:09:35",23,"Male","Urban","Tertiary Education","SSC / O' Level",2,80,"YouTube",1,"Night","Yes","No symtoms",3,1,1,1,1,"3.41",1
"29/04/2025 18:10:19",21,"Female","Urban","Tertiary Education","SSC / O' Level",5,95,"YouTube",2,"Night","No","No symtoms",1,2,1,4,3,"5",1
"29/04/2025 18:24:30",21,"Male","Rural","Tertiary Education","HSC / A' Level",5,90,"YouTube",3,"Night","Yes","Feeling restless",4,3,3,3,3,"3.8",3
"30/04/2025 00:30:26",21,"Male","Urban","HSC / A' Level","HSC / A' Level",8,80,"YouTube",5,"Night","Yes","No symtoms",4,2,2,2,2,"4.75",1
"01/05/2025 00:26:41",21,"Male","Urban","Tertiary Education","SSC / O' Level",2,70,"Facebook",4.5,"Night","No","No symtoms",4,3,3,5,5,"3.5",2
"01/05/2025 10:41:04",20,"Male","Urban","Tertiary Education","SSC / O' Level",2,100,"Instagram",2,"Night","Yes","Feeling restless",4,3,3,3,3,"4.17",3
"01/05/2025 13:19:39",21,"Male","Rural","Tertiary Education","No education",4,80,"YouTube",5,"Night","No","Irritability or agitation",4,3,3,3,3,"CGPA- 3.61",4
"02/05/2025 16:56:33",24,"Female","Urban","Tertiary Education","HSC / A' Level",10,100,"Other",0.166666666666667,"Night","Yes","No symtoms",3,3,3,3,3,"3.78",3
"03/05/2025 13:32:16",24,"Male","Urban","Tertiary Education","SSC / O' Level",2,80,"YouTube",1,"Night","No","Feeling restless",5,3,3,2,3,"A",3
"04/05/2025 23:58:19",22,"Male","Urban","Tertiary Education","No education",2,75,"Facebook",1,"Night","No","No symtoms",2,5,5,5,3,"3",3
"05/05/2025 01:54:05",25,"Male","Urban","Tertiary Education","Tertiary Education",0.166666666666667,100,"Instagram",8,"Night","No","Cravings",5,5,5,5,5,"3.46",5
"05/05/2025 03:21:02",22,"Female","Urban","HSC / A' Level","HSC / A' Level",0,98,"Instagram",12,"Night","Yes","Feeling restless",4,3,3,3,3,"4",3
"05/05/2025 14:34:23",29,"Female","Urban","Tertiary Education","Tertiary Education",3,99,"Facebook",2,"Night","No","Feeling restless",1,3,3,3,4,"3.9+",4
"06/05/2025 15:59:53",23,"Male","Urban","Tertiary Education","Tertiary Education",6,70,"YouTube",0,"Evening","Yes","Cravings",2,2,3,3,2,"3.4",1
"08/05/2025 22:27:39",27,"Female","Rural","Tertiary Education","SSC / O' Level",5,90,"Facebook",6,"Night","Yes","Feeling restless",3,3,1,1,3,"3.65",3
"09/05/2025 01:31:28",27,"Female","Urban","Tertiary Education","HSC / A' Level",3,99,"YouTube",10,"Evening","Yes","No symtoms",1,1,1,1,2,"3.78",2
"09/05/2025 10:48:27",26,"Female","Urban","Tertiary Education","HSC / A' Level",2,80,"TikTok",12,"Night","No","Trouble concentrating",4,4,4,5,3,"3.63",3
"11/05/2025 16:22:44",23,"Male","Rural","Tertiary Education","Tertiary Education",1,100,"Other",1.5,"Night","Yes","No symtoms",4,2,5,2,3,"3.79",1
"12/05/2025 00:57:13",29,"Male","Urban","HSC / A' Level","HSC / A' Level",1,12,"Facebook",3,"Evening","Yes","No symtoms",3,3,2,3,3,"3",1
"12/05/2025 00:58:14",22,"Male","Rural","HSC / A' Level","HSC / A' Level",4,60,"Facebook",2,"Night","Yes","No symtoms",1,1,1,2,3,"3/4",1
"12/05/2025 10:27:58",23,"Male","Urban","Tertiary Education","HSC / A' Level",5,40,"Facebook",5,"Night","Yes","No symtoms",2,4,4,4,3,"3.4",5
"16/05/2025 18:27:20",23,"Male","Urban","Tertiary Education","Tertiary Education",0,70,"Facebook",2,"Night","Yes","No symtoms",3,4,4,4,3,"3.9",5
"16/05/2025 20:20:06",23,"Male","Urban","Tertiary Education","HSC / A' Level",0,60,"Instagram",5,"Night","No","Trouble concentrating",2,3,2,1,2,"4",2
"16/05/2025 23:58:45",22,"Female","Urban","Tertiary Education","Tertiary Education",3,100,"YouTube",7.5,"Night","No","No symtoms",3,3,4,4,3,"4",2
"16/05/2025 23:59:07",23,"Male","Rural","Tertiary Education","HSC / A' Level",2,80,"Facebook",4,"Night","Yes","Cravings",3,2,3,2,2,"3.25",2
"17/05/2025 00:00:06",21,"Female","Urban","Tertiary Education","HSC / A' Level",2,90,"Facebook",5,"Night","No","Irritability or agitation",4,3,5,5,3,"3.49",4
"17/05/2025 00:01:18",22,"Male","Urban","Tertiary Education","SSC / O' Level",6,95,"Facebook",4,"Afternoon","Yes","No symtoms",3,4,4,4,4,"CGPA 3.94",4
"17/05/2025 00:01:40",22,"Female","Urban","Tertiary Education","Tertiary Education",1,80,"YouTube",4,"Evening","Yes","Trouble concentrating",4,3,5,5,3,"Didn’t count CGPA",1
"17/05/2025 00:01:57",22,"Female","Urban","Tertiary Education","Tertiary Education",4,98,"Instagram",1.5,"Night","No","No symtoms",1,1,2,1,3,"3.75",1
"17/05/2025 00:02:00",22,"Female","Urban","Tertiary Education","HSC / A' Level",3,80,"Facebook",2,"Evening","Yes","No symtoms",1,2,5,5,1,"3",5
"17/05/2025 00:06:07",22,"Male","Urban","Tertiary Education","SSC / O' Level",4,77.5,"Facebook",5.5,"Night","No","Irritability or agitation",5,3,4,5,3,"3.5",4
"17/05/2025 00:07:19",26,"Male","Urban","HSC / A' Level","HSC / A' Level",1,NA,"Facebook",4.5,"Night","Yes","Feeling restless",2,3,3,2,1,"3.25",2
"17/05/2025 00:11:11",22,"Male","Urban","Tertiary Education","No education",7,100,"YouTube",5.5,"Night","No","No symtoms",3,2,2,2,4,"CGPA-4",1
"17/05/2025 00:24:27",21,"Male","Rural","Tertiary Education","Tertiary Education",3,100,"Instagram",4,"Night","No","Trouble concentrating",2,3,4,3,4,"3.5 cgpa ",3
"17/05/2025 00:29:40",22,"Male","Urban","Tertiary Education","Tertiary Education",1,80,"Facebook",5,"Night","Yes","No symtoms",4,5,5,5,5,"3.7",5
"17/05/2025 00:57:50",23,"Male","Urban","Tertiary Education","SSC / O' Level",2,70,"Facebook",4,"Night","Yes","Feeling restless",3,5,4,3,4,"3.5",4
"17/05/2025 01:41:25",22,"Male","Urban","Tertiary Education","Tertiary Education",4,NA,"Instagram",3,"Night","No","No symtoms",5,5,5,5,5,"4/4",5
"17/05/2025 03:41:27",21,"Female","Urban","Tertiary Education","Tertiary Education",8,100,"YouTube",2,"Afternoon","Yes","No symtoms",5,1,1,2,1,"3.9",2
"17/05/2025 03:51:44",21,"Female","Urban","Tertiary Education","Tertiary Education",1,70,"Instagram",3.5,"Night","Yes","No symtoms",4,3,1,1,3,"3.45",2
"17/05/2025 10:00:40",22,"Female","Urban","Tertiary Education","Tertiary Education",3,85,"YouTube",2,"Evening","No","No symtoms",3,2,3,3,2,"CGPA 3.72",3
"17/05/2025 10:28:42",22,"Female","Urban","Tertiary Education","Tertiary Education",3,100,"YouTube",4.5,"Night","No","No symtoms",5,3,2,2,2,"3.9",3
"17/05/2025 10:35:13",21,"Male","Urban","HSC / A' Level","HSC / A' Level",0,70,"YouTube",3,"Night","Yes","No symtoms",3,3,3,1,1,"3.75",3
"17/05/2025 11:46:01",24,"Male","Urban","Tertiary Education","HSC / A' Level",3,75,"Facebook",8,"Night","No","Cravings",4,4,5,4,3,"3.63 ( CGPA) ",4
"17/05/2025 13:11:00",23,"Female","Urban","Tertiary Education","Tertiary Education",4,98,"YouTube",2.5,"Evening","No","No symtoms",2,1,2,2,1,"3.88",4
"17/05/2025 15:40:03",20,"Female","Urban","Tertiary Education","Tertiary Education",2,99,"Facebook",3.66666666666667,"Night","No","Feeling restless",2,3,2,3,3,"3.67",2
"17/05/2025 17:56:05",21,"Female","Urban","Tertiary Education","HSC / A' Level",2,100,"YouTube",6,"Night","Yes","No symtoms",3,4,3,3,2,"3.94",3
"17/05/2025 18:56:22",22,"Female","Rural","Tertiary Education","Madrasah",1,95,"Instagram",6,"Night","Yes","Feeling restless",2,5,5,5,5,"Cgpa 3.68",4
"19/05/2025 01:04:00",20,"Male","Urban","Tertiary Education","Tertiary Education",6,99,"Facebook",1,"Morning","Yes","Feeling restless",3,4,5,2,1,"CGPA- 3.78",2
"19/05/2025 14:04:56",21,"Male","Urban","Tertiary Education","Tertiary Education",2,80,"Facebook",4,"Night","No","Irritability or agitation",2,3,3,4,4,"3.75 CGPA",4
"19/05/2025 17:09:27",21,"Male","Urban","Tertiary Education","Tertiary Education",1,65,"YouTube",6.5,"Night","No","Feeling restless",4,4,4,1,4,"Cgpa 3.60",1
"20/05/2025 00:34:06",22,"Female","Urban","Tertiary Education","HSC / A' Level",2,75,"YouTube",6,"Night","No","Irritability or agitation",5,4,3,4,4,"3.03",4
"20/05/2025 11:17:07",22,"Male","Urban","Tertiary Education","Tertiary Education",3,90,"Facebook",4,"Night","Yes","Feeling restless",4,3,4,4,3,"3.66",4
"20/05/2025 15:18:08",24,"Male","Rural","Tertiary Education","HSC / A' Level",3,85,"Facebook",3,"Night","No","No symtoms",4,3,3,3,3,"CGPA 3.21",1
"20/05/2025 18:11:29",23,"Male","Urban","Tertiary Education","HSC / A' Level",0,80,"Facebook",2.33333333333333,"Evening","Yes","No symtoms",1,2,1,2,4,"3.92",1
"15/06/2025 20:57:09",21,"Female","Urban","HSC / A' Level","Madrasah",5,100,"TikTok",2,"Evening","No","Feeling restless",1,5,1,1,5,"5",1
"23/06/2025 23:01:01",22,"Female","Urban","Tertiary Education","Tertiary Education",0,97,"Instagram",3,"Evening","No","Irritability or agitation",3,3,3,3,3,"3.3",3
"23/06/2025 23:12:41",23,"Female","Urban","Tertiary Education","Tertiary Education",5,80,"Instagram",8,"Night","Yes","No symtoms",3,3,3,5,3,"3.25",5
"23/06/2025 23:33:27",23,"Male","Urban","Tertiary Education","Tertiary Education",0,70,"Instagram",8,"Night","Yes","Trouble concentrating",3,5,2,1,5,"3.3",2
"23/06/2025 23:39:04",23,"Male","Urban","Tertiary Education","HSC / A' Level",0,70,"Instagram",6,"Night","No","No symtoms",4,3,3,3,3,"3.18",4
"23/06/2025 23:39:13",19,"Female","Urban","HSC / A' Level","SSC / O' Level",1,80,"YouTube",3,"Morning","Yes","Irritability or agitation",5,5,5,5,5,"4",5
"23/06/2025 23:39:27",22,"Male","Urban","Tertiary Education","SSC / O' Level",3,80,"YouTube",8,"Night","No","Irritability or agitation",4,5,5,5,3,"CGPA 3.75",3
"23/06/2025 23:40:40",21,"Male","Rural","Tertiary Education","Tertiary Education",5,100,"YouTube",1.66666666666667,"Night","No","No symtoms",1,4,3,1,1,"3.9",4
"23/06/2025 23:40:49",19,"Female","Urban","Tertiary Education","Tertiary Education",2,100,"Instagram",2,"Afternoon","Yes","No symtoms",4,3,3,3,5,"4.75",4
"23/06/2025 23:44:00",19,"Female","Urban","Tertiary Education","SSC / O' Level",0,70,"Instagram",8,"Night","No","Feeling restless",3,3,4,4,5,"GPA - 5.00",4
"23/06/2025 23:44:03",20,"Male","Urban","HSC / A' Level","HSC / A' Level",2,97.5,"Instagram",4.5,"Night","Yes","Cravings",3,3,4,2,4,"4.75",4
"23/06/2025 23:44:11",19,"Male","Urban","Tertiary Education","Tertiary Education",4,95,"YouTube",3.5,"Evening","Yes","Feeling restless",3,2,3,2,3,"4",1
"24/06/2025 00:23:27",25,"Male","Urban","Tertiary Education","Tertiary Education",6,80,"YouTube",2.5,"Night","Yes","No symtoms",5,5,5,5,5,"3.69",5
"24/06/2025 00:30:20",21,"Female","Urban","Tertiary Education","SSC / O' Level",6,99,"YouTube",2,"Night","No","No symtoms",1,1,1,1,1,"GPA 5",2
"24/06/2025 00:51:03",19,"Male","Urban","Tertiary Education","No education",3,90,"Facebook",4,"Night","Yes","No symtoms",2,3,2,2,5,"Gpa-5(Hsc)",3
"24/06/2025 00:51:11",19,"Female","Urban","Tertiary Education","HSC / A' Level",4,90,"Facebook",7,"Evening","Yes","No symtoms",2,3,2,5,1,"GPA 4.94",4
"05/07/2025 11:57:45",19,"Male","Urban","Tertiary Education","SSC / O' Level",4,98,"YouTube",8,"Night","No","No symtoms",2,1,1,1,3,"5",2
"24/06/2025 01:34:32",21,"Female","Urban","Tertiary Education","Tertiary Education",2,80,"Instagram",6,"Night","Yes","Feeling restless",5,5,4,1,2,"Gpa 4.75 in hsc",5
"24/06/2025 05:06:45",22,"Male","Rural","Tertiary Education","HSC / A' Level",4,78,"YouTube",2,"Night","Yes","Cravings",5,3,5,3,4,"2.9",5
"24/06/2025 11:48:26",23,"Female","Urban","Tertiary Education","Tertiary Education",2,60,"Facebook",3,"Night","No","Cravings",3,3,1,1,3,"3.2",5
"24/06/2025 12:42:28",19,"Female","Urban","Tertiary Education","HSC / A' Level",10,90,"Other",2,"Evening","Yes","No symtoms",1,1,1,1,1,"GPA 5",1
"24/06/2025 13:54:21",23,"Female","Rural","Tertiary Education","SSC / O' Level",5,85,"Instagram",6,"Night","No","No symtoms",3,1,1,1,2,"3.4",2
"24/06/2025 17:34:44",23,"Female","Rural","Tertiary Education","HSC / A' Level",5,90,"Facebook",3,"Afternoon","Yes","No symtoms",3,2,1,1,1,"..",1
"25/06/2025 00:59:41",22,"Female","Rural","Tertiary Education","HSC / A' Level",2,70,"Instagram",5,"Evening","No","No symtoms",3,4,4,4,4,"3",4
"25/06/2025 01:08:49",22,"Female","Urban","Tertiary Education","No education",2,70,"TikTok",4,"Night","No","Trouble concentrating",5,5,5,5,5,"3.79",4
"25/06/2025 01:10:53",30,"Female","Urban","Tertiary Education","HSC / A' Level",2,95,"YouTube",5,"Night","Yes","Trouble concentrating",4,3,2,3,3,"3.1",5
"25/06/2025 01:11:26",29,"Female","Urban","Tertiary Education","Tertiary Education",2,100,"YouTube",5,"Night","Yes","Cravings",2,4,3,2,4,"3.2",4
"25/06/2025 01:16:15",23,"Male","Rural","Tertiary Education","No education",0,60,"Facebook",5,"Night","No","Feeling restless",3,4,3,4,5,"3.1",4
"25/06/2025 01:18:20",22,"Male","Urban","Tertiary Education","Tertiary Education",0.5,80,"Facebook",3.5,"Night","Yes","No symtoms",4,2,1,1,5,"3.73",4
"25/06/2025 02:06:25",37,"Male","Urban","Tertiary Education","Tertiary Education",0,90,"Facebook",15,"Morning","Yes","Cravings",3,5,2,3,3,"3.17",5
"25/06/2025 02:35:47",23,"Female","Rural","Tertiary Education","No education",2,60,"Facebook",3,"Afternoon","No","Feeling restless",2,5,2,2,4,"3.5",1
"25/06/2025 03:18:49",21,"Male","Urban","Tertiary Education","Tertiary Education",2,90,"Facebook",3,"Night","Yes","Feeling restless",2,2,1,3,3,"CGPA 4.00",1
"26/06/2025 14:10:55",22,"Female","Urban","Tertiary Education","Tertiary Education",1,95,"Instagram",5,"Evening","No","Feeling restless",1,3,1,2,3,"3.95",2
"28/06/2025 19:32:40",22,"Female","Urban","HSC / A' Level","SSC / O' Level",3,92.5,"Instagram",2,"Night","Yes","Cravings",2,3,2,1,3,"3.26",5
"01/07/2025 05:53:43",21,"Male","Rural","Tertiary Education","Tertiary Education",8,100,"YouTube",6,"Night","No","Feeling restless",5,5,5,2,2,"5",3
"02/07/2025 03:39:25",24,"Male","Urban","HSC / A' Level","HSC / A' Level",8,100,"Facebook",3,"Night","Yes","No symtoms",4,3,3,2,2,"4.5 GPA",5
"02/07/2025 03:46:51",23,"Male","Urban","Tertiary Education","HSC / A' Level",4,90,"YouTube",2,"Night","Yes","Feeling restless",4,4,1,1,4,"3.4",4
"03/07/2025 00:14:20",23,"Female","Urban","Tertiary Education","HSC / A' Level",1,80,"Instagram",16,"Afternoon","No","Feeling restless",1,3,3,3,5,"3.5",5
"03/07/2025 02:55:08",22,"Male","Urban","HSC / A' Level","HSC / A' Level",1,80,"Instagram",6,"Evening","Yes","Trouble concentrating",4,2,1,1,2,"4",3
"03/07/2025 13:15:21",20,"Male","Urban","HSC / A' Level","Tertiary Education",0,75,"Instagram",2,"Night","Yes","No symtoms",4,1,1,1,1,"4.92",1
"03/07/2025 13:38:27",19,"Female","Urban","Tertiary Education","Tertiary Education",4,100,"Instagram",4,"Night","No","No symtoms",3,1,1,1,2,"GPA5 on HSC ",2
"03/07/2025 13:38:29",20,"Female","Urban","Tertiary Education","HSC / A' Level",3,100,"Instagram",9,"Night","No","No symtoms",1,4,1,1,4,"4.58",3
"03/07/2025 18:03:14",19,"Male","Rural","Tertiary Education","Tertiary Education",4,99,"YouTube",2,"Afternoon","Yes","Trouble concentrating",1,1,5,5,1,"5",1
"03/07/2025 18:03:28",19,"Male","Urban","HSC / A' Level","Tertiary Education",4,80,"Instagram",3,"Afternoon","Yes","Trouble concentrating",3,2,1,2,2,"Gpa 5 in HSC 2024",3
"03/07/2025 19:59:55",20,"Female","Urban","Tertiary Education","Tertiary Education",2,100,"YouTube",3,"Evening","Yes","Feeling restless",1,1,1,1,1,"4.25",1
"03/07/2025 20:04:52",21,"Female","Urban","Tertiary Education","Tertiary Education",2,90,"Instagram",4,"Afternoon","No","Trouble concentrating",3,4,4,2,3,"4",3
"03/07/2025 20:15:28",24,"Male","Urban","Tertiary Education","Madrasah",1,99,"YouTube",3,"Night","No","No symtoms",3,3,3,3,3,"CGPA 3.97",3
"03/07/2025 20:18:45",21,"Male","Rural","HSC / A' Level","HSC / A' Level",1,90,"Instagram",12,"Night","Yes","No symtoms",3,5,4,1,5,"3.16",1
"03/07/2025 20:31:07",22,"Male","Urban","Tertiary Education","Madrasah",3,100,"Facebook",5.5,"Afternoon","No","Cravings",4,3,5,5,4,"4/4",1
"03/07/2025 20:42:49",19,"Female","Urban","Tertiary Education","No education",0,98,"Facebook",8,"Night","No","No symtoms",5,4,5,3,3,"CGPA 4.0",4
"03/07/2025 20:43:29",21,"Female","Urban","Tertiary Education","Tertiary Education",10,100,"Instagram",15,"Night","No","Feeling restless",3,3,4,2,2,"3.96",1
"05/07/2025 22:05:07",22,"Male","Urban","Tertiary Education","HSC / A' Level",4,100,"Facebook",1,"Evening","Yes","Feeling restless",1,1,1,3,5,"5",1
"03/07/2025 23:00:51",20,"Female","Urban","Tertiary Education","SSC / O' Level",2,100,"YouTube",1,"Night","No","No symtoms",1,2,1,1,1,"GPA 5.00",3
"03/07/2025 23:04:40",21,"Male","Urban","Tertiary Education","Tertiary Education",7,95,"Other",4.21910066006601,"Afternoon","Yes","Feeling restless",3,3,3,3,3,"GPA 5.00",3
"03/07/2025 23:28:32",20,"Female","Urban","Tertiary Education","No education",1,95,"YouTube",3,"Afternoon","No","Feeling restless",1,3,1,2,1,"HSC (GPA: 4.08)",1
"05/07/2025 11:59:45",19,"Male","Urban","Tertiary Education","HSC / A' Level",6,85,"Facebook",3.5,"Night","Yes","No symtoms",2,3,3,3,2,"HSC, Science (GPA-5.00)",2
"05/07/2025 14:11:26",19,"Male","Urban","Tertiary Education","HSC / A' Level",3,85,"Facebook",5,"Evening","Yes","Trouble concentrating",3,5,5,3,4,"3.58 from Ssc result ",2
"05/07/2025 12:05:28",19,"Female","Urban","Tertiary Education","SSC / O' Level",6,95,"Instagram",5,"Afternoon","No","No symtoms",3,4,4,1,3,"5",5
"05/07/2025 12:05:43",22,"Female","Urban","Tertiary Education","SSC / O' Level",6,100,"Instagram",1,"Night","Yes","No symtoms",1,1,1,1,1,"Last exam was HSC that's also 23 batch. GPA: 5.00",1
"05/07/2025 12:07:55",20,"Female","Urban","Tertiary Education","HSC / A' Level",5,100,"Facebook",7,"Night","No","Cravings",1,5,2,3,1,"GPA-4.83",2
"05/07/2025 12:08:54",22,"Male","Urban","Tertiary Education","SSC / O' Level",4,95,"YouTube",4,"Night","No","No symtoms",1,1,2,5,1,"4.58",2
"05/07/2025 12:13:26",23,"Female","Urban","Tertiary Education","HSC / A' Level",6,96,"Facebook",2.5,"Afternoon","No","No symtoms",5,1,1,2,3,"GPA 4.17",2
"05/07/2025 12:13:31",20,"Female","Urban","Tertiary Education","Tertiary Education",3,80,"Instagram",8,"Night","No","Trouble concentrating",1,2,3,5,2,"4.92",5
"05/07/2025 12:13:58",19,"Male","Urban","Tertiary Education","HSC / A' Level",3,100,"Other",1,"Night","Yes","No symtoms",1,3,1,1,3,"5",2
"05/07/2025 12:15:24",20,"Male","Urban","Tertiary Education","HSC / A' Level",1,90,"Facebook",0.5,"Night","Yes","No symtoms",2,2,1,1,3,"HSC-GPA 5",1
"05/07/2025 12:18:41",19,"Female","Rural","Tertiary Education","HSC / A' Level",4,99,"Facebook",3,"Evening","Yes","Feeling restless",2,4,3,4,3,"5",2
"05/07/2025 12:20:07",19,"Female","Urban","Tertiary Education","Tertiary Education",5,88,"Facebook",8,"Night","No","No symtoms",2,3,2,3,2,"HSC Result~GPA-5 (in all subjects)",1
"05/07/2025 21:26:27",20,"Male","Urban","Tertiary Education","Tertiary Education",2,100,"Facebook",2,"Evening","No","No symtoms",3,3,2,3,3,"GPA 5",2
"05/07/2025 12:21:48",19,"Female","Urban","Tertiary Education","Tertiary Education",2,98,"Facebook",3.5,"Night","No","Cravings",2,3,3,3,4,"4.83/5.00",3
"05/07/2025 12:21:50",18,"Female","Rural","Tertiary Education","HSC / A' Level",2,100,"YouTube",1,"Night","No","No symtoms",2,2,2,5,3,"Gpa 5",1
"05/07/2025 12:23:44",19,"Female","Urban","Tertiary Education","Tertiary Education",3,100,"Other",6,"Evening","No","Trouble concentrating",3,5,1,4,5,"5",1
"05/07/2025 12:32:25",19,"Female","Urban","Tertiary Education","HSC / A' Level",0,60,"Instagram",10,"Evening","No","Cravings",5,1,1,3,4,"HSC -5.00 ",3
"05/07/2025 12:34:52",18,"Female","Urban","Tertiary Education","Tertiary Education",12,99,"Facebook",3,"Afternoon","Yes","No symtoms",5,3,3,4,3,"5",3
"05/07/2025 12:35:11",19,"Female","Urban","Tertiary Education","HSC / A' Level",5,95,"Instagram",7,"Evening","No","No symtoms",1,4,2,2,4,"5",3
"05/07/2025 12:35:19",19,"Female","Urban","Tertiary Education","Tertiary Education",5,99,"TikTok",3,"Night","Yes","Trouble concentrating",3,1,1,3,3,"HSC GPA:5.00",5
"05/07/2025 12:37:19",20,"Male","Urban","HSC / A' Level","HSC / A' Level",5,96,"Facebook",2.5,"Night","No","No symtoms",3,3,3,5,3,"GPA-5.00",3
"05/07/2025 12:37:24",19,"Female","Urban","Tertiary Education","Tertiary Education",4,70,"Instagram",3.5,"Evening","No","Cravings",3,3,2,4,4,"GPA 4.67",1
"05/07/2025 12:37:27",18,"Female","Urban","HSC / A' Level","HSC / A' Level",5,90,"Instagram",2,"Afternoon","No","No symtoms",3,4,3,3,4,"HSC-GPA-5",3
"05/07/2025 12:38:06",20,"Female","Urban","Tertiary Education","SSC / O' Level",3,90,"Instagram",6,"Night","Yes","No symtoms",3,3,2,3,3,"3.75",2
"05/07/2025 12:45:48",21,"Female","Urban","HSC / A' Level","SSC / O' Level",3,95,"YouTube",5,"Night","Yes","No symtoms",2,2,2,2,2,"4.55",1
"05/07/2025 12:39:03",19,"Female","Urban","Tertiary Education","Tertiary Education",3,80,"Instagram",2,"Night","No","No symtoms",3,2,3,4,1,"HSC-5.00(2024)",2
"05/07/2025 12:39:54",19,"Male","Urban","HSC / A' Level","SSC / O' Level",4,75,"Facebook",2.5,"Afternoon","Yes","Feeling restless",4,3,4,5,3,"GPA 4.67 out of 5",3
"05/07/2025 12:40:08",21,"Male","Urban","HSC / A' Level","Tertiary Education",1,80,"Instagram",7,"Night","No","Cravings",3,5,4,3,4,"4.8",4
"05/07/2025 12:41:24",20,"Female","Urban","Tertiary Education","HSC / A' Level",2,98,"Instagram",6,"Evening","Yes","Trouble concentrating",3,4,3,4,3,"3.67",4
"05/07/2025 12:43:06",18,"Male","Urban","HSC / A' Level","Tertiary Education",4,80,"YouTube",3,"Night","No","No symtoms",1,4,2,4,3,"5",3
"05/07/2025 12:44:25",20,"Female","Urban","Tertiary Education","HSC / A' Level",3,90,"Instagram",0.5,"Night","No","No symtoms",3,2,3,2,4,"4.58",2
"05/07/2025 12:44:29",21,"Female","Urban","Tertiary Education","Tertiary Education",3,95,"Instagram",4.5,"Night","Yes","No symtoms",3,4,3,3,4,"4.75",3
"05/07/2025 12:44:59",20,"Male","Urban","Tertiary Education","HSC / A' Level",5,80,"Instagram",3,"Night","Yes","No symtoms",2,3,2,2,2,"5",2
"05/07/2025 12:56:00",21,"Female","Urban","Tertiary Education","Madrasah",1,99,"Other",2.5,"Evening","No","No symtoms",4,1,2,1,1,"5",1
"05/07/2025 13:00:41",20,"Male","Urban","Tertiary Education","HSC / A' Level",4,90,"Instagram",6,"Night","Yes","No symtoms",2,4,1,4,4,"GPA 5",1
"05/07/2025 13:01:24",20,"Female","Urban","HSC / A' Level","HSC / A' Level",3,80,"Instagram",2,"Night","Yes","No symtoms",4,3,3,3,2,"5.00 in HSC examination ",1
"05/07/2025 13:07:58",20,"Female","Rural","Tertiary Education","Tertiary Education",9,99,"Instagram",3,"Afternoon","No","No symtoms",3,1,1,1,1,"4.92",1
"05/07/2025 13:08:35",21,"Female","Urban","Tertiary Education","Tertiary Education",2,90,"Instagram",4,"Night","No","No symtoms",1,2,1,4,2,"4.08",1
"05/07/2025 13:09:16",19,"Male","Urban","Tertiary Education","Tertiary Education",2,80,"YouTube",3,"Afternoon","Yes","No symtoms",1,3,3,4,1,"5",1
"05/07/2025 13:10:42",22,"Male","Urban","Tertiary Education","Tertiary Education",4,90,"Facebook",3.5,"Night","Yes","Feeling restless",3,3,3,3,2,"4.67",5
"05/07/2025 13:14:22",20,"Male","Urban","Tertiary Education","SSC / O' Level",6,85,"YouTube",3,"Night","Yes","Cravings",1,1,3,2,3,"HSC:4.83",4
"05/07/2025 13:14:45",19,"Female","Urban","HSC / A' Level","Tertiary Education",4,90,"YouTube",4.5,"Evening","Yes","No symtoms",3,3,3,4,4,"GPA 5.00",1
"05/07/2025 13:15:40",20,"Male","Urban","Tertiary Education","SSC / O' Level",4,90,"Facebook",6.5,"Afternoon","Yes","Cravings",5,3,4,5,3,"5",4
"05/07/2025 13:17:49",19,"Male","Urban","Tertiary Education","HSC / A' Level",3,70,"Facebook",3.5,"Evening","Yes","Cravings",3,4,2,4,3,"GPA 5.00",4
"05/07/2025 13:20:00",20,"Female","Urban","Tertiary Education","HSC / A' Level",4,90,"Facebook",3,"Evening","No","No symtoms",2,3,2,2,4,"Hsc-3.67",3
"05/07/2025 13:20:54",18,"Female","Urban","Tertiary Education","No education",5,100,"YouTube",4,"Night","No","No symtoms",2,2,1,3,3,"4.75",1
"05/07/2025 13:23:05",21,"Male","Urban","HSC / A' Level","HSC / A' Level",1,100,"Instagram",22,"Morning","Yes","No symtoms",1,1,1,1,5,"4.25 out of 5",1
"05/07/2025 13:25:08",20,"Female","Urban","HSC / A' Level","HSC / A' Level",3,98,"Facebook",60,"Afternoon","Yes","No symtoms",3,2,2,5,3,"GPA 5.00",2
"05/07/2025 13:31:32",18,"Female","Urban","Tertiary Education","Tertiary Education",2,80,"Instagram",3,"Afternoon","No","Cravings",3,4,2,2,3,"4.67/4.42",1
"05/07/2025 13:50:23",19,"Male","Rural","Tertiary Education","Tertiary Education",2,99,"YouTube",2,"Afternoon","No","No symtoms",3,3,2,1,2,"GPA 4.25",1
"05/07/2025 13:52:13",20,"Male","Urban","Tertiary Education","Tertiary Education",1,100,"Facebook",5,"Night","Yes","No symtoms",3,3,3,3,3,"GPA 5.00",3
"05/07/2025 13:53:02",24,"Male","Urban","HSC / A' Level","HSC / A' Level",3,95,"Facebook",2,"Night","Yes","Trouble concentrating",3,2,2,3,2,"4.9",1
"05/07/2025 13:53:33",20,"Male","Urban","Tertiary Education","Tertiary Education",1,100,"Instagram",2,"Evening","Yes","No symtoms",3,3,3,3,3,"GPA 5.00",3
"05/07/2025 13:54:24",19,"Male","Urban","Tertiary Education","Tertiary Education",7,100,"YouTube",3,"Night","Yes","No symtoms",2,4,2,5,3,"Gpa 5 from hsc ",1
"05/07/2025 13:56:06",19,"Female","Urban","Tertiary Education","SSC / O' Level",3,95,"Instagram",1.5,"Afternoon","No","Trouble concentrating",1,3,1,1,1,"4.5",1
"05/07/2025 13:58:53",19,"Male","Rural","Tertiary Education","Tertiary Education",3,100,"Facebook",7,"Night","No","Feeling restless",4,4,4,3,4,"5",5
"05/07/2025 14:06:10",20,"Male","Urban","HSC / A' Level","Madrasah",5,80,"YouTube",3,"Evening","No","No symtoms",3,1,2,2,2,"5",2
"05/07/2025 14:22:22",21,"Male","Urban","Tertiary Education","Tertiary Education",1,92.5,"Facebook",2,"Night","Yes","Feeling restless",5,3,3,3,1,"4.31",5
"05/07/2025 14:29:47",19,"Female","Urban","Tertiary Education","Tertiary Education",5,92.5,"YouTube",1,"Afternoon","Yes","No symtoms",3,2,2,1,3,"GPA -5.00",3
"05/07/2025 14:30:41",21,"Female","Urban","Tertiary Education","Tertiary Education",3,98,"YouTube",2,"Evening","No","No symtoms",3,2,2,3,4,"Hsc GPA:4.00",4
"05/07/2025 14:36:23",20,"Female","Urban","Tertiary Education","Tertiary Education",6,90,"Instagram",3,"Night","No","No symtoms",3,4,3,3,3,"4:00",3
"05/07/2025 14:44:22",20,"Male","Urban","Tertiary Education","Tertiary Education",3,80,"YouTube",2,"Evening","Yes","No symtoms",3,4,2,4,3,"Hsc - GPA 5.00",3
"05/07/2025 14:54:12",18,"Male","Rural","HSC / A' Level","HSC / A' Level",3,100,"YouTube",5,"Night","No","No symtoms",2,3,1,4,3,"5",1
"05/07/2025 14:54:15",29,"Male","Rural","HSC / A' Level","HSC / A' Level",3,85,"Instagram",5,"Night","No","Trouble concentrating",2,3,1,4,3,"4.64",1
"05/07/2025 14:55:03",20,"Female","Urban","Tertiary Education","No education",0,100,"Instagram",0.0166666666666667,"Night","No","No symtoms",1,2,2,2,2,"A",2
"05/07/2025 15:34:41",19,"Female","Urban","Tertiary Education","Tertiary Education",4,90,"Facebook",4,"Night","No","No symtoms",3,2,2,3,3,"GPA-4.08",2
"05/07/2025 15:48:51",19,"Female","Rural","Tertiary Education","HSC / A' Level",6,90,"Facebook",5,"Evening","Yes","No symtoms",3,3,4,4,4,"5",4
"05/07/2025 16:15:00",22,"Female","Urban","Tertiary Education","Tertiary Education",2,72.5,"YouTube",3.66666666666667,"Evening","Yes","No symtoms",4,1,1,3,3,"5",2
"05/07/2025 16:35:49",20,"Female","Rural","HSC / A' Level","Madrasah",7,100,"YouTube",3,"Night","No","No symtoms",3,3,3,1,3,"GPA 4.25",3
"05/07/2025 16:41:33",19,"Male","Urban","HSC / A' Level","HSC / A' Level",3,80,"Instagram",2.5,"Night","Yes","No symtoms",3,3,1,2,4,"4.07",5
"05/07/2025 16:49:59",20,"Male","Urban","Tertiary Education","Tertiary Education",5,87,"Facebook",5,"Evening","Yes","No symtoms",3,3,4,3,3,"5",2
"05/07/2025 16:53:29",22,"Female","Urban","SSC / O' Level","SSC / O' Level",6,80,"Instagram",2,"Night","Yes","No symtoms",1,1,2,3,3,"3.28 out of 4 ",1
"05/07/2025 17:14:52",21,"Female","Urban","HSC / A' Level","HSC / A' Level",2,80,"Instagram",1,"Night","No","No symtoms",1,2,4,4,3,"3.92",3
"05/07/2025 18:09:34",20,"Female","Urban","Tertiary Education","Tertiary Education",6,100,"Instagram",2,"Night","No","Feeling restless",3,2,1,3,2,"4. 33",3
"05/07/2025 18:25:43",19,"Female","Rural","Tertiary Education","Tertiary Education",4,100,"Instagram",2,"Night","Yes","Feeling restless",1,5,5,5,5,"4.22",5
"05/07/2025 18:31:29",18,"Female","Urban","Tertiary Education","HSC / A' Level",3,89,"Facebook",1,"Night","Yes","No symtoms",3,4,3,4,3,"A",3
"05/07/2025 18:43:15",20,"Male","Urban","Tertiary Education","Tertiary Education",1,95,"Facebook",4.5,"Night","Yes","Trouble concentrating",5,4,2,3,3,"4.83/5.00",5
"05/07/2025 19:08:14",19,"Female","Urban","Tertiary Education","Tertiary Education",2,90,"Instagram",3,"Night","Yes","No symtoms",3,3,1,2,2,"GPA-5 in HSC",2
"05/07/2025 19:21:11",19,"Male","Urban","Tertiary Education","Madrasah",6,90,"Facebook",2.5,"Evening","Yes","Feeling restless",5,3,5,5,1,"GPA 5",3
"05/07/2025 19:33:24",19,"Female","Urban","HSC / A' Level","HSC / A' Level",7,92,"Instagram",3,"Night","No","Cravings",1,4,3,3,3,"4.78",2
"05/07/2025 19:39:58",20,"Male","Urban","Tertiary Education","No education",5,80,"Instagram",8,"Night","Yes","No symtoms",2,2,3,1,3,"4.83 in hsc",2
"05/07/2025 19:43:55",20,"Female","Rural","Tertiary Education","SSC / O' Level",2,98,"Instagram",2,"Night","Yes","Cravings",2,2,1,3,3,"Gpa 5",4
"05/07/2025 19:58:05",19,"Male","Rural","Tertiary Education","Tertiary Education",7,100,"YouTube",5,"Afternoon","No","No symtoms",5,1,1,1,1,"GPA-5",2
"05/07/2025 20:17:40",20,"Female","Urban","Tertiary Education","HSC / A' Level",2,98,"YouTube",2,"Afternoon","Yes","No symtoms",5,3,5,3,5,"GPA-5.00",3
"05/07/2025 20:35:20",20,"Female","Urban","Tertiary Education","SSC / O' Level",3,95,"Instagram",4,"Evening","No","No symtoms",3,3,3,1,3,"5",3
"05/07/2025 20:40:13",20,"Female","Urban","Tertiary Education","Tertiary Education",4,99,"Instagram",1.5,"Afternoon","No","No symtoms",3,3,3,1,3,"GPA 5 ",1
"05/07/2025 21:07:16",22,"Male","Urban","Tertiary Education","HSC / A' Level",4,100,"Facebook",1,"Evening","Yes","Cravings",1,1,1,3,5,"5",1
"05/07/2025 21:17:04",21,"Male","Rural","Tertiary Education","SSC / O' Level",4,75,"Facebook",3.5,"Night","Yes","No symtoms",3,3,3,4,3,"4.83 GPA",4
"05/07/2025 21:48:34",19,"Male","Urban","HSC / A' Level","Tertiary Education",2,90,"YouTube",2,"Evening","No","No symtoms",1,2,1,1,3,"5.00 GPA HSC",3
"05/07/2025 21:59:41",19,"Male","Urban","Tertiary Education","Tertiary Education",4,70,"Facebook",3,"Night","Yes","Trouble concentrating",3,3,3,3,3,"5",3
"05/07/2025 22:14:13",20,"Male","Urban","Tertiary Education","SSC / O' Level",6,95,"Facebook",2,"Afternoon","No","No symtoms",2,1,3,3,3,"4.42",2
"05/07/2025 23:05:26",21,"Male","Rural","HSC / A' Level","SSC / O' Level",2,90,"Instagram",2,"Night","No","Feeling restless",2,2,2,1,4,"4.22",2
"06/07/2025 00:05:20",20,"Male","Urban","HSC / A' Level","Tertiary Education",5,95,"Instagram",1.5,"Evening","Yes","No symtoms",4,1,1,2,1,"3.92",1
"06/07/2025 00:24:34",19,"Female","Urban","Tertiary Education","Tertiary Education",8,90,"YouTube",1.5,"Afternoon","Yes","No symtoms",3,3,1,3,3,"5",1
"06/07/2025 00:26:55",20,"Female","Rural","Tertiary Education","Tertiary Education",4,100,"YouTube",2,"Evening","Yes","No symtoms",5,3,5,4,5,"4.42",5
"06/07/2025 00:41:04",20,"Female","Urban","Tertiary Education","Tertiary Education",2,100,"Instagram",6,"Night","No","No symtoms",4,3,4,4,4,"5",3
"06/07/2025 00:49:21",20,"Male","Urban","HSC / A' Level","HSC / A' Level",5,97,"Instagram",6.5,"Night","Yes","No symtoms",1,5,3,2,3,"4.5",1
"06/07/2025 00:53:56",20,"Female","Urban","Tertiary Education","HSC / A' Level",4,95,"Facebook",2,"Night","Yes","Cravings",3,2,3,3,4,"HSC 4.75",1
"06/07/2025 00:58:59",21,"Female","Urban","Tertiary Education","Tertiary Education",7,80,"Facebook",1.5,"Evening","Yes","No symtoms",1,1,2,2,3,"GPA 4",2
"06/07/2025 08:18:09",20,"Male","Urban","Tertiary Education","Tertiary Education",2,80,"Facebook",2.5,"Night","Yes","Cravings",2,4,1,1,3,"GPA-4.67",1
"06/07/2025 08:44:31",20,"Male","Urban","Tertiary Education","SSC / O' Level",3,85,"YouTube",4,"Evening","Yes","No symtoms",3,4,3,3,3,"Hsc[4.42]",1
"06/07/2025 08:55:55",19,"Female","Urban","Tertiary Education","HSC / A' Level",2,100,"YouTube",1,"Evening","Yes","No symtoms",5,5,5,5,5,"4.56",5
"06/07/2025 10:15:43",20,"Female","Urban","Tertiary Education","Tertiary Education",2,95,"Instagram",2.5,"Afternoon","No","No symtoms",3,4,5,5,5,"GPA -4.6",4
"06/07/2025 10:39:07",19,"Female","Urban","HSC / A' Level","SSC / O' Level",3,100,"Instagram",3.5,"Evening","No","No symtoms",5,5,5,3,1,"GPA 4.42",4
"06/07/2025 10:49:06",21,"Female","Urban","Tertiary Education","Tertiary Education",5,95,"YouTube",2,"Evening","Yes","No symtoms",3,2,3,3,3,"HSC- 5.00",3
"06/07/2025 10:54:46",20,"Male","Rural","Tertiary Education","SSC / O' Level",3,100,"Other",3,"Night","Yes","No symtoms",3,2,2,2,2,"4",1
"06/07/2025 11:32:08",20,"Male","Urban","Tertiary Education","Tertiary Education",3,80,"Other",2,"Night","No","Cravings",3,4,4,5,4,"5.00/5.00",3
"06/07/2025 15:13:54",20,"Female","Rural","Tertiary Education","Tertiary Education",2,95,"YouTube",3,"Night","No","No symtoms",1,2,2,1,1,"3.92",1
"06/07/2025 15:52:47",20,"Female","Urban","Tertiary Education","HSC / A' Level",5,100,"YouTube",4,"Night","Yes","Trouble concentrating",3,3,3,3,2,"gpa 5",1
"06/07/2025 20:09:17",22,"Male","Urban","Tertiary Education","Tertiary Education",2,80,"Facebook",3,"Night","No","No symtoms",3,4,2,2,2,"4.08",3
"06/07/2025 20:10:36",20,"Female","Rural","Tertiary Education","HSC / A' Level",3,80,"Facebook",7,"Evening","No","Feeling restless",1,2,1,1,4,"Hsc -4.00",2
"06/07/2025 20:10:42",20,"Male","Urban","Tertiary Education","HSC / A' Level",3,95,"YouTube",5,"Evening","No","Feeling restless",5,4,2,3,2,"HSC: 3.83",4
"06/07/2025 20:35:02",19,"Female","Rural","HSC / A' Level","Tertiary Education",5,88,"Facebook",2,"Evening","No","Feeling restless",2,2,2,3,2,"Gpa-5.00(HSC)",5
"06/07/2025 20:36:24",19,"Male","Urban","Tertiary Education","Tertiary Education",4,90,"Facebook",2,"Night","Yes","No symtoms",3,1,1,1,1,"GPA 5",3
"06/07/2025 21:33:21",20,"Female","Urban","Tertiary Education","HSC / A' Level",4,95,"Facebook",1,"Afternoon","No","Trouble concentrating",1,2,1,1,1,"4.5",1
"06/07/2025 22:12:02",19,"Male","Urban","Tertiary Education","Tertiary Education",4,70,"Instagram",4.5,"Evening","Yes","No symtoms",4,4,2,3,3,"4.92",3
"06/07/2025 23:35:47",21,"Female","Urban","Tertiary Education","HSC / A' Level",6,100,"Facebook",8,"Night","No","Cravings",1,3,1,1,3,"5",3
"06/07/2025 23:40:27",20,"Male","Urban","Tertiary Education","Tertiary Education",5,95,"YouTube",5,"Night","Yes","No symtoms",3,3,1,1,5,"4.33",1
"06/07/2025 23:40:27",20,"Male","Urban","Tertiary Education","HSC / A' Level",5,95,"Instagram",6,"Night","Yes","No symtoms",4,3,1,1,4,"4.33",2
"07/07/2025 13:31:40",23,"Male","Urban","Tertiary Education","HSC / A' Level",5,NA,"Instagram",3,"Night","Yes","No symtoms",3,1,1,1,1,"4.5",1
"07/07/2025 21:14:54",19,"Male","Urban","HSC / A' Level","HSC / A' Level",7,75,"Instagram",3.5,"Night","Yes","Feeling restless",3,3,3,3,3,"5",1
"07/07/2025 21:23:12",22,"Male","Urban","HSC / A' Level","HSC / A' Level",2,100,"Facebook",4,"Night","Yes","No symtoms",3,3,3,2,5,"hsc:3.75",2
"08/07/2025 11:05:03",19,"Female","Urban","Tertiary Education","SSC / O' Level",3,90,"YouTube",3,"Afternoon","No","No symtoms",1,3,2,5,3,"GPA5",4
"08/07/2025 12:30:16",19,"Female","Urban","HSC / A' Level","Tertiary Education",3,80,"Instagram",5,"Night","No","Feeling restless",3,1,1,1,1,"HSC- 4.58",3
"08/07/2025 22:37:12",23,"Male","Urban","Tertiary Education","Madrasah",3,85,"YouTube",5,"Night","No","Trouble concentrating",2,4,5,2,3,"3.75 out of 4.00",4
"10/07/2025 22:50:08",19,"Male","Urban","Tertiary Education","HSC / A' Level",4,80,"YouTube",5,"Afternoon","Yes","No symtoms",3,3,2,3,3,"4.42",4
"10/07/2025 23:17:07",24,"Male","Urban","HSC / A' Level","SSC / O' Level",3,80,"Facebook",3,"Night","Yes","No symtoms",3,5,1,1,3,"4.93",3
"11/07/2025 00:09:00",19,"Male","Urban","HSC / A' Level","HSC / A' Level",7,80,"Instagram",3.5,"Night","Yes","Feeling restless",5,1,3,1,4,"5",3
"11/07/2025 00:14:23",21,"Male","Urban","Tertiary Education","Tertiary Education",4,99,"YouTube",0.5,"Morning","Yes","No symtoms",1,1,1,1,1,"GPA 5.00",3
"11/07/2025 00:33:54",19,"Male","Urban","HSC / A' Level","Tertiary Education",4,70,"Instagram",2,"Night","Yes","No symtoms",3,3,3,3,3,"Hsc- 4.67",3
"11/07/2025 11:25:25",20,"Male","Urban","Tertiary Education","Tertiary Education",4,90,"Instagram",2,"Night","Yes","Cravings",3,2,2,1,2,"GPA-5 in hsc",1
"11/07/2025 13:08:41",19,"Female","Urban","HSC / A' Level","No education",6,70,"YouTube",4,"Afternoon","Yes","No symtoms",2,1,2,2,1,"3.93",4
"11/07/2025 19:36:42",20,"Male","Urban","Tertiary Education","SSC / O' Level",3,100,"Instagram",5,"Night","No","Cravings",3,2,3,3,2,"4.42",5
"11/07/2025 19:57:41",19,"Male","Urban","HSC / A' Level","HSC / A' Level",5,80,"Instagram",1,"Night","Yes","Cravings",3,3,3,2,3,"GPA :5.00",2
"11/07/2025 20:03:49",20,"Female","Urban","HSC / A' Level","SSC / O' Level",5,100,"YouTube",4,"Afternoon","No","No symtoms",2,3,1,1,3,"A",1
"11/07/2025 23:19:27",20,"Male","Urban","HSC / A' Level","SSC / O' Level",4,90,"Instagram",4,"Night","Yes","No symtoms",5,3,3,5,3,"5",1
"12/07/2025 01:16:02",20,"Male","Urban","Tertiary Education","Tertiary Education",4,90,"Facebook",3,"Night","Yes","No symtoms",1,2,2,4,3,"HSC-GPA-5.00",1
"12/07/2025 12:29:11",21,"Male","Urban","Tertiary Education","HSC / A' Level",3,80,"Instagram",3,"Afternoon","No","No symtoms",1,3,1,1,3,"5",5
"12/07/2025 13:09:15",21,"Male","Urban","HSC / A' Level","HSC / A' Level",1,95,"Instagram",8,"Night","No","Irritability or agitation",4,3,3,5,4,"4.75",5
"12/07/2025 18:43:06",19,"Male","Urban","HSC / A' Level","HSC / A' Level",2,100,"Other",2,"Night","Yes","No symtoms",1,1,1,1,1,"5/5",1
"13/07/2025 09:58:22",19,"Female","Urban","HSC / A' Level","Tertiary Education",4,100,"Facebook",3,"Evening","No","No symtoms",2,2,2,2,2,"3.67",2
"13/07/2025 10:54:54",20,"Male","Urban","HSC / A' Level","HSC / A' Level",2,95,"Other",0.166666666666667,"Evening","No","Irritability or agitation",5,1,3,5,1,"GPA-5 (HSC)",1
"13/07/2025 13:55:12",21,"Male","Urban","Tertiary Education","Tertiary Education",3,90,"Instagram",5,"Night","No","No symtoms",2,3,2,4,3,"5",3
"14/07/2025 04:50:01",21,"Male","Urban","Tertiary Education","Tertiary Education",4,95,"YouTube",2,"Evening","Yes","No symtoms",1,1,3,3,2,"4.42",1
"14/07/2025 23:01:14",20,"Male","Urban","Tertiary Education","Tertiary Education",3,85,"Facebook",7.5,"Afternoon","No","No symtoms",2,4,4,3,1,"5",1
"17/07/2025 19:21:53",23,"Female","Urban","Tertiary Education","Tertiary Education",5,80,"Other",1.5,"Evening","Yes","No symtoms",1,1,1,1,1,"GPA 4",1
"19/08/2025 10:49:19",20,"Male","Urban","HSC / A' Level","SSC / O' Level",1,50,"Facebook",3,"Night","No","Irritability or agitation",3,1,1,1,1,"3.67",1
